"","N1_Anxiety","N2_Anger","N3_Depression","N4_SelfConscious","N5_Immoderation","N6_Vulnerability"
"N1_Anxiety",1,0.604415860536231,0.685635639685598,0.52401785425823,0.355807181407145,0.666424150788778
"N2_Anger",0.604415860536231,1,0.516946226412581,0.328631694803991,0.402591737553121,0.448929200468778
"N3_Depression",0.685635639685598,0.516946226412581,1,0.585417609996283,0.474279895691996,0.632107907900002
"N4_SelfConscious",0.52401785425823,0.328631694803991,0.585417609996283,1,0.296641711011873,0.568227176008954
"N5_Immoderation",0.355807181407145,0.402591737553121,0.474279895691996,0.296641711011873,1,0.379810281467784
"N6_Vulnerability",0.666424150788778,0.448929200468778,0.632107907900002,0.568227176008954,0.379810281467784,1
