"","N1_Anxiety","N2_Anger","N3_Depression","N4_SelfConscious","N5_Immoderation","N6_Vulnerability"
"N1_Anxiety",1,0.605074862655123,0.695216696052653,0.539201675590551,0.344715793679001,0.659756344760621
"N2_Anger",0.605074862655123,1,0.534963640100287,0.336792886702083,0.393137276875484,0.456742646606124
"N3_Depression",0.695216696052653,0.534963640100287,1,0.589255078326931,0.475035786590203,0.617154810770973
"N4_SelfConscious",0.539201675590551,0.336792886702083,0.589255078326931,1,0.284136260741199,0.586307309085944
"N5_Immoderation",0.344715793679001,0.393137276875484,0.475035786590203,0.284136260741199,1,0.373370457807205
"N6_Vulnerability",0.659756344760621,0.456742646606124,0.617154810770973,0.586307309085944,0.373370457807205,1
