"","N1_Anxiety","N2_Anger","N3_Depression","N4_SelfConscious","N5_Immoderation","N6_Vulnerability"
"N1_Anxiety",1,0.611600677008412,0.683101388606264,0.521058615335055,0.353242762860164,0.665861343305697
"N2_Anger",0.611600677008412,1,0.521688588524438,0.334962246049698,0.404995667726062,0.457276672813626
"N3_Depression",0.683101388606264,0.521688588524438,1,0.591058519817992,0.460458543664645,0.642721142383927
"N4_SelfConscious",0.521058615335055,0.334962246049698,0.591058519817992,1,0.271918493557286,0.564935688411373
"N5_Immoderation",0.353242762860164,0.404995667726062,0.460458543664645,0.271918493557286,1,0.378526945402668
"N6_Vulnerability",0.665861343305697,0.457276672813626,0.642721142383927,0.564935688411373,0.378526945402668,1
