"","N1_Anxiety","N2_Anger","N3_Depression","N4_SelfConscious","N5_Immoderation","N6_Vulnerability"
"N1_Anxiety",1,0.712307868670001,0.795537042526041,0.639579017178749,0.439735872038149,0.802200790691365
"N2_Anger",0.712307868670001,1,0.58971185141886,0.399077062478597,0.489353028485681,0.534726381069107
"N3_Depression",0.795537042526041,0.58971185141886,1,0.704152689722273,0.556336933419698,0.751537410184311
"N4_SelfConscious",0.639579017178749,0.399077062478597,0.704152689722273,1,0.346272888934104,0.696240715125011
"N5_Immoderation",0.439735872038149,0.489353028485681,0.556336933419698,0.346272888934104,1,0.473116616902885
"N6_Vulnerability",0.802200790691365,0.534726381069107,0.751537410184311,0.696240715125011,0.473116616902885,1
