"Network","Global_Strength_Ratio","Partial_Corr_Ratio","Network_Invariance_Ratio"
"Agreeableness",-0.243330391063382,0.11558439056846,-0.4786226994553
"Neuroticism",1.24658243538059,-0.100065724625701,-0.162315943804931
"Average",0.501626022158605,0.00775933297137923,-0.320469321630116
